Metric,Value
Accuracy,0.9213483146067416
Specificity,0.9743589743589743
Precision,0.9433962264150944
Recall,0.819672131147541
F1 Score,0.8771929824561403
MCC,0.8241427129487215
AUC,0.9466162253047499
Brier Score,0.061308383998136026
