Metric,Value
Accuracy,0.9382022471910112
Specificity,0.9743589743589743
Precision,0.9464285714285714
Recall,0.8688524590163934
F1 Score,0.905982905982906
MCC,0.8618276157640032
AUC,0.9667927700714587
Brier Score,0.06331973146092114
